-- phpMyAdmin SQL Dump
-- version 4.8.5
-- https://www.phpmyadmin.net/
--
-- 主機： 127.0.0.1
-- 產生時間： 
-- 伺服器版本： 10.1.38-MariaDB
-- PHP 版本： 7.3.3

SET SQL_MODE = "NO_AUTO_VALUE_ON_ZERO";
SET AUTOCOMMIT = 0;
START TRANSACTION;
SET time_zone = "+00:00";


/*!40101 SET @OLD_CHARACTER_SET_CLIENT=@@CHARACTER_SET_CLIENT */;
/*!40101 SET @OLD_CHARACTER_SET_RESULTS=@@CHARACTER_SET_RESULTS */;
/*!40101 SET @OLD_COLLATION_CONNECTION=@@COLLATION_CONNECTION */;
/*!40101 SET NAMES utf8mb4 */;

--
-- 資料庫： `group_16`
--
DROP DATABASE IF EXISTS `group_16`;
CREATE DATABASE IF NOT EXISTS `group_16` DEFAULT CHARACTER SET utf8 COLLATE utf8_general_ci;
USE `group_16`;

-- --------------------------------------------------------

--
-- 資料表結構 `all_products`
--

CREATE TABLE `all_products` (
  `id` int(11) NOT NULL,
  `name` varchar(100) NOT NULL,
  `price` int(11) NOT NULL,
  `description` text NOT NULL,
  `type` int(11) NOT NULL
) ENGINE=InnoDB DEFAULT CHARSET=utf8mb4;

--
-- 傾印資料表的資料 `all_products`
--

INSERT INTO `all_products` (`id`, `name`, `price`, `description`, `type`) VALUES
(1, '♡ 冬日限定 ♡ 小貓壓克力貼片原子筆', 120, '在寒冷的季節裡，讓小貓溫暖你的書寫時光吧❄️\r\n這款原子筆搭配冬日主題的手繪小貓圖案，以壓克力貼片精緻呈現，藍色小貓為繪師Ashely親手繪製，散發出療癒的溫度與童話感。搭配柔和的粉藍色筆身，清新夢幻，實用又可愛，無論是日常筆記、寫卡片還是送禮都很適合噢！\r\n\r\n商品資訊：\r\n\r\n✿ 商品尺寸：全長約 14.5 cm（含貼片）\r\n\r\n✿ 筆芯顏色：黑色\r\n\r\n✿ 筆芯類型：0.5 mm 中性筆芯（可替換）\r\n\r\n✿ 材質：塑膠筆身＋壓克力貼片\r\n\r\n✿ 產地：台灣\r\n\r\n✿ 數量限定：冬季限定款，售完為止！\r\n\r\n', 1),
(2, '♡ 冬日限定 ♡ 小貓厚磚飯友', 100, '在寂寞的午餐時光，有沒有一種「好想有人陪我吃飯」的感覺？\r\n這隻厚磚小貓飯友，就是為了你而誕生的 ✨\r\n由插畫師親手繪製、壓克力厚磚製作而成的小貓飯友，厚實穩固，可以放在餐桌、書桌、辦公桌上陪你吃飯、做事、發呆……讓忙碌的日常多一點可愛的慰藉。\r\n\r\n商品資訊：\r\n\r\n✿ 尺寸：寬約 4.5 cm × 高約 6 cm × 厚度約 1.2 cm\r\n\r\n✿ 材質：高透明壓克力厚磚（單面彩印）\r\n\r\n✿ 用途：\r\n\r\n吃飯陪伴：桌邊暖心存在感\r\n\r\n裝飾公仔：擺拍療癒搭配\r\n\r\n桌面擺設：療癒視覺小物\r\n\r\n✿ 產地：台灣\r\n\r\n✿ 限量冬季發售，不會再版喔！', 1),
(3, '小桃小檸 | 彩框厚磚飯友', 100, '「小桃🍑」與「小檸🍋」絕對是最懂你的桌邊夥伴！\r\n可愛的行搭配漸層彩框設計，無論放在哪裡都超級吸睛。厚實壓克力材質製成，穩穩地陪你吃飯、學習、辦公、療癒日常💖\r\n\r\n✨ 原創插畫：由 @ashelypainting 手繪設計，限量發售\r\n\r\n規格說明：\r\n\r\n✿ 材質：透明壓克力（單面彩印＋漸層色框）\r\n\r\n✿ 尺寸：約 4.5 cm × 6 cm × 厚 1.2 cm\r\n\r\n✿ 數量：雙入一組（小桃＋小檸）\r\n\r\n✿ 包裝：附透明袋／保護層，部分附角色名片（隨機）\r\n\r\n\r\n由於彩框與圖案皆為手工製程印刷，實品可能略有色差與細節差異，為原創限量設計，每組都是獨一無二的小夥伴！', 1),
(4, '閃亮亮徽章系列(兩入)', 70, 'Lemon Soda × Peach Cream｜原創角色閃粉徽章\r\n\r\n讓日常的包包、衣服、筆袋…通通閃閃發亮吧！\r\n本組徽章為繪師的原創角色小檸（Lemon Soda)和小桃（Peach Cream)搭配各自風格的卡片包裝，整體以冰沙亮粉加工，每個角度都有閃爍光彩 ✨\r\n\r\n🧷 背面為別針式設計，適合別在布包、外套或布製週邊上\r\n\r\n規格說明：\r\n\r\n✿ 尺寸：直徑約 58 mm\r\n\r\n✿ 材質：金屬徽章＋亮粉亮膜\r\n\r\n✿ 背面：金屬安全別針\r\n\r\n✿ 包裝：雙入組（小檸 + 小桃），各附專屬角色卡紙\r\n\r\n注意事項：\r\n\r\n每顆徽章皆經人工亮粉處理，可能略有閃粉密度或排列差異，屬正常現象\r\n表面請避免重壓與長時間刮擦，以維持閃亮效果', 2),
(5, '閃亮亮徽章系列(粉)', 40, 'Lemon Soda × Peach Cream｜原創角色閃粉徽章\r\n讓日常的包包、衣服、筆袋…通通閃閃發亮吧！\r\n本組徽章為繪師的原創角色小檸（Lemon Soda)和小桃（Peach Cream)搭配各自風格的卡片包裝，整體以冰沙亮粉加工，每個角度都有閃爍光彩 ✨\r\n\r\n🧷 背面為別針式設計，適合別在布包、外套或布製週邊上\r\n\r\n規格說明：\r\n\r\n✿ 尺寸：直徑約 58 mm\r\n\r\n✿ 材質：金屬徽章＋亮粉亮膜\r\n\r\n✿ 背面：金屬安全別針\r\n\r\n✿ 包裝：雙入組（小檸 + 小桃），各附專屬角色卡紙\r\n\r\n注意事項：\r\n\r\n每顆徽章皆經人工亮粉處理，可能略有閃粉密度或排列差異，屬正常現象\r\n表面請避免重壓與長時間刮擦，以維持閃亮效果', 2),
(6, '閃亮亮徽章系列(藍) ', 40, 'Lemon Soda × Peach Cream｜原創角色閃粉徽章\r\n讓日常的包包、衣服、筆袋…通通閃閃發亮吧！\r\n本組徽章為繪師的原創角色小檸（Lemon Soda)和小桃（Peach Cream)搭配各自風格的卡片包裝，整體以冰沙亮粉加工，每個角度都有閃爍光彩 ✨\r\n\r\n🧷 背面為別針式設計，適合別在布包、外套或布製週邊上\r\n\r\n規格說明：\r\n\r\n✿ 尺寸：直徑約 58 mm\r\n\r\n✿ 材質：金屬徽章＋亮粉亮膜\r\n\r\n✿ 背面：金屬安全別針\r\n\r\n✿ 包裝：單入（小檸），附專屬角色卡紙\r\n\r\n注意事項：\r\n\r\n每顆徽章皆經人工亮粉處理，可能略有閃粉密度或排列差異，屬正常現象\r\n表面請避免重壓與長時間刮擦，以維持閃亮效果', 2),
(7, '♡ 小動物飲品店 ♡ 粉色小桃全款', 500, '粉色小桃全款組合｜Peach Cream\r\n以甜點系夢幻少女「小桃 Peach Cream」為主角，這款全套組合將各式週邊一次收齊，最適合收藏也最適合送禮！粉嫩色調、精緻插畫、搭配透明感滿滿的厚磚壓克力與貼紙卡片，讓你的書桌角落也充滿軟萌氛圍 ✨\r\n\r\n內容物：\r\n\r\n🍑 小桃厚磚立牌 x1（附透明腳座）\r\n🍑 愛心徽章 x1\r\n🍑 閃亮亮徽章 x1\r\n🍑 小桃彩印貼紙 x1\r\n🍑 小桃彩燙明信片 x1\r\n\r\n產品資訊：\r\n\r\n* 厚磚尺寸：約 12 cm 高\r\n* 材質：透明壓克力（雙面印刷）\r\n* 插畫：@ashelypainting 原創角色設計\r\n* 包裝：整組以透明包裝 + 蝴蝶結裝飾，精緻可愛\r\n\r\n\r\n♡ 壓克力製品請避免刮擦或摔落，以維持透明亮度與完整性\r\n♡ 實品顏色可能因螢幕顯示略有不同，請以實品為準\r\n', 1),
(8, '♡ 小動物飲品店 ♡ 藍色小檸全款', 500, '藍色小檸全款組合｜Lemon Soda\r\n清爽活潑的「小檸 Lemon Soda」登場！以藍白調為主視覺，搭配透明感十足的厚磚壓克力與多款精緻小物，無論是放在桌上當作飯友、還是收藏展示都超級療癒💙 喜歡清新可愛風格的你千萬別錯過！\r\n\r\n內容物：\r\n\r\n🍋 小檸厚磚立牌 x1（附透明腳座）\r\n\r\n🍋 小檸愛心徽章 x1\r\n\r\n🍋 小檸飲品主題圓徽章 x1\r\n\r\n🍋 小檸彩印貼紙 x1\r\n\r\n🍋 小檸特製明信片 x1\r\n\r\n產品資訊：\r\n\r\n厚磚尺寸：約 12 cm 高\r\n\r\n材質：透明壓克力（雙面印刷）\r\n\r\n插畫角色：@ashelypainting 原創設計\r\n\r\n包裝方式：整組採用透明袋裝＋蝴蝶結固定，送禮自用兩相宜\r\n\r\n♡ 壓克力請避免重壓或摔落，以延長使用壽命\r\n\r\n♡ 插圖皆為原創，請勿擅自轉載或使用於他處\r\n', 1),
(9, '♡ 小動物飲品店 ♡ 電繪徽章(兩入)', 150, '電繪愛心徽章組（二入）｜Lemon Soda & Peach Cream\r\n將清爽系小檸 Lemon Soda 和甜美系小桃 Peach Cream 的魅力收進掌心！這款心型徽章以電繪插畫方式呈現，每一顆都閃爍著細緻的光澤，適合別在包包、衣服或當收藏展示，為日常帶來一點療癒✨\r\n\r\n內容物：\r\n🍋 Lemon Soda 電繪愛心徽章 x1\r\n🍑 Peach Cream 電繪愛心徽章 x1\r\n\r\n商品規格：\r\n尺寸：約 58mm（愛心形狀）\r\n材質：霧面亮膜、金屬背扣\r\n插畫繪製：@ashelypainting 原創電繪風格\r\n背扣設計：安全別針設計，穩固好配戴\r\n\r\n✨ 電繪上色風格更細膩可愛\r\n\r\n✨ 心型外觀配合角色主題配色\r\n\r\n✨ 適合徽章收藏家、原創周邊愛好者', 2),
(10, '♡ 小動物飲品店 ♡ 草莓聖代徽章', 70, '甜蜜可愛的草莓聖代，化身為迷你徽章！♡\r\n可愛兔兔冰淇淋造型搭配粉嫩色調，給你日常穿搭與包包的小點綴，帶來療癒又活潑的氛圍。無論是收藏或送禮都非常合適！\r\n\r\n商品規格：\r\n\r\n尺寸：約 38mm 直徑\r\n\r\n材質：金屬背扣、亮面保護膜\r\n\r\n插畫設計：原創手繪水彩風\r\n\r\n背扣類型：安全別針設計，易於固定', 2),
(11, '♡ 小動物飲品店 ♡ 檸檬蘇打徽章', 70, '清新爽口的檸檬蘇打，化身成迷你可愛徽章！♡\r\n繽紛的藍黃漸層色彩搭配小蝴蝶結點綴，讓你的穿搭、包包瞬間增添活力與亮點。獨特的水彩風插畫，為日常生活注入甜美氣息，是收藏和贈禮的理想選擇。\r\n\r\n商品規格：\r\n\r\n尺寸：約 38mm 直徑\r\n\r\n材質：金屬背扣、亮面保護膜\r\n\r\n插畫設計：手繪水彩風格\r\n\r\n背扣類型：安全別針，方便固定', 2),
(12, '春日特別款 | 貓咪團子徽章(兩入)', 150, '萌萌登場！這組「貓咪團子徽章」是春天的小幸福～粉嫩粉嫩的色調配上超療癒的小貓咪和Q彈的日式團子，讓人一看就心情大好！每一個細節都是手繪精心繪製，閃閃發亮的設計，讓你不管別在哪裡，都超級吸睛！\r\n\r\n商品規格：\r\n* 徽章直徑約 38mm，大小適中，方便搭配各式穿搭與配件\r\n* 附兩款不同造型徽章，隨心搭配\r\n* 重量輕巧，攜帶方便不累贅', 2),
(13, '୨୧ 蝴蝶結派對 ୨୧ 滴膠吊飾(粉)', 100, '୨୧ 蝴蝶結派對 ୨୧ 滴膠吊飾（粉）\r\n💗一場夢幻蝴蝶結派對～\r\n粉嫩格紋洋裝，配上雙蝴蝶結\r\n是那種會讓人忍不住嘴角上揚的可愛！\r\n\r\n商品規格：\r\n\r\n尺寸：約 6cm（角色身高）\r\n\r\n材質：透明壓克力＋雙面滴膠\r\n\r\n雙面同圖、單面滴膠光澤手感超療癒～\r\n', 3),
(14, '୨୧ 蝴蝶結派對 ୨୧ 滴膠吊飾(藍)', 100, '🩵今天也要元氣滿滿～\r\n\r\n雙蝴蝶結搭上可愛貓耳女僕帽，露出俏皮小虎牙，一秒治癒你的壞心情！\r\n🐾 原創角色設計，搭配手繪風格可愛到融化\r\n🌟 附有星星旋轉扣環，可愛與實用性兼具！\r\n\r\n商品規格：\r\n\r\n尺寸：約 6cm（含角色本體）\r\n\r\n材質：透明壓克力＋雙面亮膜＋單面滴膠\r\n\r\n雙面同圖設計，呈現細緻圖案\r\n', 3),
(15, '-୨୧ 蝴蝶結派對 ୨୧- 滴膠吊飾(兩入', 180, '來場屬於你的蝴蝶結派對吧～୨୧\r\n雙重可愛一次收服♡\r\n搭配你每天的心情輪流使用也沒問題！\r\n\r\n🌟 內含兩款手繪角色吊飾，風格互補可愛加倍\r\n🌟 掛勾採星星旋轉扣設計，方便又夢幻！\r\n\r\n商品規格：\r\n尺寸：單個約 6cm 高\r\n材質：壓克力 + 雙面亮膜 + 單面滴膠\r\n套組內容：粉色 x 1、藍色 x 1（不可拆售）\r\n包裝：附贈小卡與透明包裝袋，送禮自用都適合♡', 3),
(16, '♡ 透明滴膠心型吊飾 ♡ (粉/藍兩入)', 180, '把喜歡裝進心型裡♡\r\n雙色夢幻滴膠吊飾閃亮登場～每個角度都閃閃惹人愛！\r\n\r\n 心型設計 × 滴膠封層 × 銀色亮片\r\n 金屬旋轉扣環，穩固耐用、掛哪都可愛！\r\n\r\n商品資訊：\r\n\r\n尺寸：約 5.5cm\r\n\r\n材質：透明壓克力＋滴膠亮片層\r\n\r\n組合內容：粉色吊飾 x1、藍色吊飾 x1（兩入組合）\r\n', 3),
(17, '♡ 透明滴膠心型吊飾 ♡ (粉)', 100, '甜甜的草莓牛奶色心型吊飾登場啦～♡\r\n搭配夢幻星星亮片與超萌小桃，\r\n少女心整顆裝進了水晶球裡啦～\r\n\r\n 粉色心型 × 滴膠閃亮亮 → 閃爍你的少女光！\r\n 小桃角色原創插圖，療癒系表情可愛爆擊！\r\n\r\n商品資訊：\r\n\r\n尺寸：約 5.5cm\r\n\r\n材質：透明壓克力＋滴膠亮片層\r\n\r\n內容物：粉色吊飾 x1\r\n\r\n附設計插卡，單個收藏也儀式感滿滿 ♡\r\n\r\n', 3),
(18, '♡ 透明滴膠心型吊飾 ♡ (藍)', 100, '清爽的汽水藍色搭配星星亮片，\r\n把元氣小檸的微笑裝進心型吊飾裡 ♡\r\n一起把元氣小檸帶出門吧！✨\r\n\r\n🧷 旋轉金屬扣環，堅固好用可輕鬆掛在包包、鑰匙、手機！\r\n\r\n商品資訊：\r\n\r\n尺寸：約 5.5cm\r\n\r\n材質：透明壓克力＋滴膠亮片層\r\n\r\n內容物：藍色吊飾 x1\r\n', 3),
(19, 'ꕤ 初代收藏版 ꕤ (兩款各一)', 200, '✦ 兔兔女孩雙款吊飾組 ✦\r\nAshely Painting 最初的原創角色雙人組\r\n左手抱著兔兔、右手捧著心動，每個眼神都像在說d快把我帶走吧 ♡\r\n\r\n🐰 手繪兔兔主題，搭配角色柔和眼神，超級療癒\r\n🎀 透明壓克力＋亮膜效果，圖案細緻又閃亮\r\n\r\n商品規格：\r\n\r\n吊飾尺寸：約 5.5 cm\r\n\r\n含藍款 + 粉款各一，共兩入\r\n\r\n附插卡包裝，收藏與送禮都適合♡', 3),
(20, 'ꕤ 初代收藏版 ꕤ (兔子女僕款)', 120, '經典初代角色，以藍白配色呈現清爽又優雅的女僕造型\r\n抱著心愛的兔兔布偶，讓人忍不住想守護她的每一個小表情(´˘`)\r\n\r\n・透明壓克力＋亮膜加工，圖案超閃亮又耐刮 ✧\r\n・角色為原創插畫設計，細節飽滿超加分 ♡\r\n\r\n商品規格：\r\n吊飾尺寸：約 5.5 cm\r\n\r\n單入款式：兔子女僕（藍）\r\n\r\n附精美插卡與包裝袋，收藏或送禮都適合♪', 3),
(21, '小桃小檸 | 滑面硬款明信片\r\n', 80, '小桃 Peach Cream 💗 x 小檸 Lemon Soda 💙\r\n這次換上招牌飲品主題制服，閃亮亮登場啦～\r\n\r\n採用滑面卡材質，印刷清晰可愛 !\r\n卡面還搭配夢幻的點點亮粉燙銀加工 ✧\r\n不只能當明信片寄出，也超適合拿來收藏、裝飾牆面或書桌唷♡\r\n\r\n商品規格：\r\n尺寸：標準明信片尺寸（約 10 x 14.8 cm）\r\n數量：一組兩入（粉色小桃 + 藍色小檸）\r\n紙張：滑面厚卡，背面空白可書寫', 1),
(22, '♡ 小動物飲品店 ♡ 燙色明信片', 80, '夢幻甜點飲品店的小桃（Peach Cream）與小檸（Lemon Soda）換上超可愛制服，邀你一起進入繽紛的飲品世界 ♡\r\n\r\n明信片採用高品質厚卡紙印製，表面搭配燙金/燙銀設計，不管是收藏、送禮或是當卡片使用都超級可愛又吸睛 ✧\r\n\r\n商品規格：\r\n\r\n尺寸：約 10 x 14.8 cm（標準明信片大小）\r\n\r\n材質：高磅厚卡，正面滑面、燙色加工\r\n\r\n數量：一組兩入（Peach / Lemon 各一）', 1),
(23, '★ 星辰大海 ★ 手繪風明信片', 80, '⁺˚⋆｡手繪風插畫明信片｡⋆˚⁺\r\n\r\n在銀河閃爍的夜空中，星之魔法使輕聲吟唱——\r\n手中權杖與眼中星光，守護著你的小宇宙 ✦₊\r\n\r\n夢幻藍調搭配溫柔的手繪筆觸與細膩的星辰細節，讓你彷彿擁有了一段來自宇宙的溫柔訊息 ✧\r\n\r\n商品規格：\r\n\r\n尺寸：約 10 x 14.8 cm（標準明信片尺寸）\r\n\r\n材質：厚磅美術卡紙，細緻紋理呈現水彩筆觸\r\n\r\n數量：單入', 1),
(25, '♡ 彩燙徽章 ♡ (粉)', 80, '♡ 彩燙徽章 ♡（粉）\r\n粉嫩馬卡龍配色搭配金燦燦的燙色效果，\r\n整顆徽章就像一顆閃閃發光的甜點！\r\n\r\n 表面採用細閃光膜搭配局部燙金，視覺層次感十足\r\n 「Peach Cream」原創插畫設計，超級可愛♡\r\n\r\n商品規格：\r\n\r\n尺寸：約 58mm\r\n\r\n材質：金屬徽章＋透明防刮膜\r\n\r\n背面為安全別針設計，穩固不刮衣\r\n', 2),
(26, '♡ 彩燙徽章 ♡ (粉/藍兩入)', 160, '✦ Peach Cream & Lemon Soda ✦\r\n\r\n超人氣雙星「小桃 & 小檸」合體登場～\r\n夢幻粉嫩配色搭配閃亮亮燙金膜，\r\n一粉一藍，一甜一清爽，\r\n就像把你最喜歡的飲品變成了隨身的可愛守護徽章 ♡\r\n\r\n商品規格：\r\n\r\n尺寸：直徑約 58mm\r\n\r\n背面為安全別針，穩固不傷衣\r\n\r\n附品牌背卡與包裝，送禮自用都適合 ♡', 2),
(27, '♡ 彩燙徽章 ♡ (藍)', 80, '清爽又俏皮的小檸閃亮登場 ♡\r\n藍白格紋洋裝搭配貓耳造型與俏皮眨眼表情，\r\n就像一杯冰冰涼涼的檸檬汽水，在炎熱的日子裡給你滿滿元氣！\r\n\r\n・細閃光膜＋燙銀工藝，夢幻感 up✨\r\n・使用高質感金屬材質製作，耐用不易變形\r\n\r\n商品規格：\r\n\r\n尺寸：直徑約 58mm\r\n\r\n重量輕巧，適合別在衣服、包包、帽子等日常穿搭\r\n\r\n附品牌專屬背卡與包裝袋，送禮也很體面 ♡', 2),
(28, '春日特別款 | 貓系少女徽章', 80, '萌萌登場！這組徽章是春天的小幸福～粉嫩粉嫩的色調配上超療癒的小貓咪和Q彈的日式團子，讓人一看就心情大好！每一個細節都是手繪精心繪製，閃閃發亮的設計，讓你不管別在哪裡，都超級吸睛！\r\n\r\n商品規格：\r\n\r\n徽章直徑約 38mm，大小適中，方便搭配各式穿搭與配件\r\n\r\n附兩款不同造型徽章，隨心搭配\r\n\r\n重量輕巧，攜帶方便不累贅', 2),
(29, '春日特別款 | 貓咪團子徽章', 70, '春日特別款｜貓咪團子徽章（兩入組）\r\n萌萌登場！這組「貓咪團子徽章」是春天的小幸福～粉嫩粉嫩的色調配上超療癒的小貓咪和Q彈的日式團子，讓人一看就心情大好！每一個細節都是手繪精心繪製，閃閃發亮的設計，讓你不管別在哪裡，都超級吸睛！\r\n\r\n商品規格：\r\n\r\n徽章直徑約 38mm，大小適中，方便搭配各式穿搭與配件\r\n\r\n附兩款不同造型徽章，隨心搭配\r\n\r\n重量輕巧，攜帶方便不累贅', 2),
(30, '♡ 小動物飲品店 ♡ sugarRush(兩款各一)\r\n', 180, '歡迎光臨♡小動物飲品店♡\r\n今日限定推出甜蜜滿分的雙款飲品～\r\n有夢幻藍色檸檬蘇打冰淇淋，也有粉紅草莓聖代兔兔\r\n雙倍糖分，一次收集！\r\n\r\n快把這些甜甜的心動收藏起來吧♡\r\n用一點點可愛，裝飾你的心情與日常～🍓🍋\r\n\r\n商品規格：\r\n\r\n尺寸：直徑約 44mm\r\n\r\n數量：兩款各一，共 2 入\r\n', 2),
(31, '♡ 小動物飲品店 ♡ 草莓聖代徽章', 100, '一整杯草莓聖代的甜蜜，通通封存在這顆小小徽章裡 ♡\r\n可愛的兔兔冰淇淋坐在滿滿草莓上，粉嫩背景搭配緞帶點綴\r\n超適合喜歡甜點風的你！\r\n\r\n\r\n商品規格：\r\n\r\n尺寸：直徑約 44mm\r\n\r\n材質：金屬背、透明膜亮面\r\n\r\n包裝：單入附感謝卡背卡與透明袋', 2),
(32, '♡ 小動物飲品店 ♡ 檸檬蘇打徽章', 100, '沁涼登場的小動物飲品代表——清爽的檸檬蘇打！\r\n透明杯中盛滿檸檬片、蘇打汽泡與藍色冰淇淋，還有一顆小櫻桃坐鎮 🍒\r\n\r\n♡ 專屬夏日清涼，讓檸檬蘇打陪你一起冒泡泡 ♡\r\n\r\n商品規格：\r\n\r\n尺寸：直徑約 44mm\r\n\r\n材質：金屬背板＋亮膜\r\n\r\n附專屬感謝卡背卡＋OPP袋包裝', 2),
(33, 'Graphite Frost', 300, '|商品材料| \r\n加厚電鍍彎管、壓力克珠、不鏽鋼銀珠、玻璃罐銀米珠、蝴蝶結吊墜\r\n\r\n|尺寸|\r\n總長50 (也可客製化)\r\n\r\n|闆娘推薦|\r\n這次做的Graphite Frost\r\n主要配色以白銀灰為主 \r\n最大的亮點在於它搭配了可愛的小蝴蝶結 \r\n以銀河的風格作為設計\r\n不論是休閒風 或是日系都很好做搭配♡\r\n', 4),
(34, 'Blooming Gift', 280, '|商品材料|\r\n不鏽鋼鍊條、白水晶、壓力克珠、不鏽鋼銀珠、玻璃罐銀米珠、蝴蝶結吊墜(粉/淡紅)\r\n\r\n|尺寸|\r\n總長約42 (也可客製化)\r\n\r\n|闆娘推薦|\r\n質感滿滿的Blooming Gift\r\n主要配色以白粉紫為主 \r\n最大的亮點在於它搭配了可愛的小蝴蝶結 \r\n以及心型的吊墜\r\n整體呈現甜美與氣質的清新風格\r\n不論是甜美風 或是日系都很好做搭配♡', 4),
(35, 'Rosy Tale', 250, '|商品材料|\r\n不鏽鋼鍊條、白水晶、壓力克珠、不鏽鋼銀珠、玻璃罐銀米珠、蝴蝶結吊墜(粉/淡紅)\r\n\r\n|尺寸|\r\n總長約42 (也可客製化)\r\n\r\n|闆娘推薦|\r\n質感滿滿的Rosy Tale 為Blooming Gift的同款系列\r\n主要配色以白粉紫為主 \r\n最大的亮點在於它搭配了可愛的小蝴蝶結 \r\n以及心型的水晶吊墜\r\n整體呈現甜美與氣質的清新風格\r\n不論是甜美風 或是日系都很好做搭配♡', 4),
(36, 'Witch\'s Token', 320, '\\市集熱賣款!!/\r\n\r\n|商品材料|\r\n白水晶、奧地利珍珠、不鏽鋼銀珠、不鏽鋼鍊條、透白圓珠、銀飾蝴蝶結吊墜\r\n\r\n|尺寸|\r\n總長約50 (也可客製化)\r\n\r\n|闆娘推薦|\r\n中性風的Witch\'s Token\r\n融合了月光的光澤與蝴蝶的輕盈\r\n白水晶也象徵吸收了日常中的負能量\r\n傳換成正能量生命力\r\n而且冬天穿高領或透膚上衣也非常適合!', 4),
(37, 'Little Planet', 240, '|商品材料|\r\n不鏽鋼彎管、壓克力暈染仿碎石、天然透明水晶、淡黃色星形珠\r\n\r\n|尺寸|\r\n總長約45 (也可客製化)\r\n\r\n|闆娘推薦|\r\n獨家設計款!\r\n兩種顏色的交織象徵著秋冬的淡然感\r\n很簡約有設計的一款!', 4),
(38, 'Fairy Floss', 250, '|商品材料|\r\n不鏽鋼彎管、銀彎管、天然透明水晶\r\n\r\n|尺寸|\r\n總長約50 (也可客製化)\r\n\r\n|闆娘推薦|\r\n甜美可愛的風格設計又不會太浮誇\r\n獻給每一位喜歡低調浪漫的你♡ \r\n\r\n', 4),
(39, 'Shadow Tear', 260, '|商品材料|\r\n不鏽鋼鍊條、銀彎管、日本玻璃珠、不規則壓克力珠\r\n\r\n|尺寸|\r\n總長約50 (也可客製化)\r\n\r\n|闆娘推薦|\r\n此款選用米白色系的搭配\r\n營造出溫文爾雅的氛圍\r\n低調中帶有質感\r\n是日常與氣質兼具的絕佳選擇', 4),
(40, 'Sky Ripple', 320, '\\市集熱賣款!!/\r\n\r\n|商品材料|\r\n加厚電鍍彎管、海藍寶水晶、不鏽鋼鍊條、透白圓珠、奧地利珍珠\r\n\r\n|尺寸|\r\n總長約47 (也可客製化)\r\n\r\n|闆娘推薦|\r\nSky Ripple-天空的漣漪\r\n象徵著深邃的天空\r\n帶著寧靜與神秘的氛圍\r\n並與設計中的藍色元素與水晶材質相互應\r\n這款設計不僅充滿靈性與療癒感\r\n更因其獨特氣質與百搭風格\r\n一推出便深受喜愛\r\n成為熱銷款之一\r\n無論日常配戴或作為心意禮物，都是絕佳選擇。\r\n', 4),
(41, 'Snow Drizzle', 300, '|商品材料|\r\n加厚電鍍彎管、米白色水晶、不鏽鋼鍊條、透白圓珠、奧地利珍珠\r\n\r\n|尺寸|\r\n總長約48 (也可客製化)\r\n\r\n|闆娘推薦|\r\nSky Ripple的姊妹款登場!!\r\n❄️Snow Drizzle-雪的細語❄️\r\n這款以米色與白色為主調\r\n如同雪花靜靜落下時的柔和光影\r\n低調中透出優雅質感\r\n與設計中的水晶元素相互呼應\r\n如雪霧輕繞、溫柔包覆\r\n無論是日常佩戴\r\n還是作為送給重要人的心意小禮\r\n都讓人感受到那份純粹而溫暖的美好。🤍', 4),
(42, 'Ash Whisper', 320, '|商品材料|\r\n加厚電鍍彎管、奧地利霧面珍珠、海藍寶水晶、不鏽鋼鍊條、透白圓珠、進口霧白玻璃珠\r\n\r\n|尺寸|\r\n總長約48 (也可客製化)\r\n\r\n|闆娘推薦|\r\n低調中的質感代表！\r\n這款以白色、米色與淡藍色為設計主軸\r\n搭配俐落的不鏽鋼彎管元素\r\n營造出簡約又極具現代感的氣息\r\n每一顆珠子都經過細緻挑選\r\n材質高級、層次分明\r\n整體色調如晨霧般靜謐\r\n卻不失冷調中的溫柔光芒\r\n\r\n無論是極簡風愛好者\r\n還是偏好中性風格的搭配\r\nAsh Whisper 都是讓整體造型質感升級的最佳選擇。', 4),
(43, 'Frost Petal', 280, '|商品材料|\r\n加厚電鍍彎管、奧地利霧面珍珠、海藍寶水晶、進口霧白玻璃珠、透白圓珠、不鏽鋼鍊條\r\n\r\n|尺寸|\r\n總長約48 (也可客製化)\r\n\r\n|闆娘推薦|\r\n這款以白色、米色與淡藍色為主調\r\n呈現出極簡冷調的氣質\r\n點綴星星造型的銀飾配件\r\n搭配不規則切面的天然碎石\r\n低語般訴說著一段柔和而神秘的故事。\r\n\r\n使用加厚電鍍彎管與進口高級珠材\r\n細節中見質感\r\n極簡不失層次 輕奢卻毫不張揚\r\n無論是極簡穿搭還是輕奢風格，都能完美融入。\r\n\r\n⭐ 目前悄悄熱賣中，是懂得品味的你不能錯過的質感之選！', 4),
(44, 'Whisper Beads', 220, '|商品材料|\r\n圓形淡水珍珠、五顏六色花花造型壓克力、無彈性線\r\n\r\n|尺寸|\r\n手工測量約5.8公分\r\n尺寸更改請私訊客製或備註哦!\r\n\r\n|闆娘推薦|\r\n白色珍珠珠珠為主體\r\n搭配一朵繽紛壓克力小花 \r\n簡約中帶點俏皮感🌸\r\n每款小花顏色不同 都是獨一無二的小巧思♡', 6),
(45, 'Citrus Mist', 220, '|商品材料|\r\n圓形淡水珍珠、深橘色花花造型壓克力、無彈性線\r\n\r\n|尺寸|\r\n手工測量約5.8公分\r\n尺寸更改請私訊客製或備註哦!\r\n\r\n|闆娘推薦|\r\n清新白珠搭配一朵深橘色小花\r\n像午後陽光灑落指尖🌼\r\n可愛中帶點溫柔復古感 單戴或疊搭都超有存在感！', 6),
(46, 'Scarlet Drop', 220, '|商品材料|\r\n圓形淡水珍珠、鮮紅色花花造型壓克力、無彈性線\r\n\r\n|尺寸|\r\n手工測量約5.8公分\r\n尺寸更改請私訊客製或備註哦!\r\n\r\n|闆娘推薦|\r\n純白珍珠配上鮮紅小花\r\n一抹亮眼紅讓整體瞬間活潑起來🌺\r\n甜美又有個性 是讓指尖跳出重點的小巧搭配！\r\n', 6),
(47, 'Sunbeam', 220, '|商品材料|\r\n圓形淡水珍珠、黃色花花造型壓克力、無彈性線\r\n\r\n|尺寸|\r\n手工測量約5.8公分\r\n尺寸更改請私訊客製或備註哦!\r\n\r\n|闆娘推薦|\r\n純白珍珠搭配鮮黃色小花 \r\n清新又亮眼\r\n🌻適合喜歡簡約又帶點活潑感的你🌻\r\n不管是日常上班、週末約會\r\n還是朋友聚會 \r\n都能輕鬆駕馭\r\n配上一件簡單的白色襯衫或素色洋裝\r\n讓整體造型更有層次感\r\n指尖的小細節瞬間吸睛\r\n這款小巧的配飾\r\n讓你的風格多了一份自然與俏皮\r\n讓每個細節都充滿自信!', 6),
(48, 'Mint Whisper', 220, '|商品材料|\r\n圓形淡水珍珠、墨綠花花造型壓克力、無彈性線\r\n\r\n|尺寸|\r\n手工測量約5.8公分\r\n尺寸更改請私訊客製或備註哦!\r\n\r\n|闆娘推薦|\r\n純白珍珠與墨綠花朵相映成趣\r\n沉穩中帶著自然的優雅\r\n這款配飾特別適合喜歡低調質感的你\r\n配上一件簡約素色上衣或針織衫\r\n讓指尖的小細節成為整體造型中溫柔的亮點♡', 6),
(49, 'Sky Blink', 220, '|商品材料|\r\n圓形淡水珍珠、天空藍花花造型壓克力、無彈性線\r\n\r\n|尺寸|\r\n手工測量約5.8公分\r\n尺寸更改請私訊客製或備註哦!\r\n\r\n|闆娘推薦|\r\n純白珍珠與天空藍花朵相映成趣\r\n帶來一抹清爽的夏日風情\r\n這款飾品適合喜歡輕盈自在風格的你\r\n搭配簡約白襯衫或淺色洋裝\r\n讓指尖的小細節為你增添自然且優雅的魅力。', 6),
(50, 'Ocean Pulse', 220, '|商品材料|\r\n圓形淡水珍珠、深紫花花造型壓克力、無彈性線\r\n\r\n|尺寸|\r\n手工測量約5.8公分\r\n尺寸更改請私訊客製或備註哦!\r\n\r\n|闆娘推薦|\r\n純白珍珠與深紫花朵相映成趣\r\n散發出神秘且沉穩的氣息\r\n這款配飾特別適合喜歡優雅且帶點個性風格的你\r\n無論是正式場合或日常穿搭\r\n都能為整體增添細膩層次感\r\n搭配簡約素色服裝\r\n讓指尖的細節成為整體造型中最迷人的亮點。', 6),
(51, 'Violet Secret', 220, '|商品材料|\r\n圓形淡水珍珠、咖啡色花花造型壓克力、無彈性線\r\n\r\n|尺寸|\r\n手工測量約5.8公分\r\n尺寸更改請私訊客製或備註哦!\r\n\r\n|闆娘推薦|\r\n純白珍珠與咖啡色花朵相映\r\n散發低調的溫柔氣息。\r\n這款配飾適合喜歡自然簡約風的你\r\n讓指尖的小巧細節為整體造型增添暖意與質感。', 6),
(52, 'Crystal Tear', 220, '|商品材料|\r\n圓形淡水珍珠、透明花花造型壓克力、無彈性線\r\n\r\n|尺寸|\r\n手工測量約5.8公分\r\n尺寸更改請私訊客製或備註哦!\r\n\r\n|闆娘推薦|\r\n純白珍珠與透明花朵相輔相成\r\n散發自然清新的氣息\r\n這款配飾適合喜歡簡約又不失細節感的你\r\n無論是日常通勤或週末出遊 \r\n都能輕鬆搭配\r\n為指尖增添一抹純淨且優雅的亮點。\r\n\r\n', 6),
(53, 'Milk Star', 260, '|商品材料|\r\n加厚電鍍彎管、奧地利珍珠、不鏽鋼鏈、蝴蝶結吊墜、合成水晶碎石、黃色水晶\r\n\r\n|尺寸|\r\n手工測量約48公分 (含OT扣、可客製長度)\r\n\r\n|闆娘推薦|\r\n非常有風格的一款!!\r\n半邊以淡黃、白色及透明珠珠點綴\r\n另一半則是俐落的銀色鍊條\r\n鍊條上綴有米色蝴蝶結\r\n整體簡約與典雅 闆娘自己也很愛這條\r\n只要穿搭出去都會讓你是人群中的焦點!', 4),
(54, 'Dreamy Haze', 290, '\\情人節送給另一伴的首選!/\r\n\r\n|商品材料|\r\n加厚電鍍彎管、紫色蝴蝶結緞帶、不鏽鋼鏈、合成水晶碎石、透明水晶、星型銀飾\r\n\r\n|尺寸|\r\n手工測量約50公分 (可客製長度)\r\n\r\n|闆娘推薦|\r\n優雅與高貴及一身的風格\r\n沒有女孩子能抗拒這款Dreamy Haze♡', 4),
(55, 'Ice Feather', 330, '|商品材料|\r\n加厚電鍍彎管、藍色水晶、不鏽鋼鏈、合成水晶碎石、心型透明水晶、藍色蝴蝶結緞帶\r\n\r\n|尺寸|\r\n手工測量約52公分 (含OT扣、可客製長度)\r\n\r\n|闆娘推薦|\r\n這款項鍊是藍色控的夢幻收藏！\r\n一整排細緻的水晶珠珠錯落排列，\r\n透亮藍、冰透白、心型晶石\r\n每一顆都像小宇宙閃著光🪐\r\n搭配藍色蝴蝶結緞帶與銀色鍊條甜美中帶點個性，\r\n無論搭配簡單白T還是洋裝 都能瞬間讓造型升級。', 4),
(56, 'series1', 250, '\\有選擇困難症的千萬別來挑!!/\r\n\r\n|商品材料|\r\n五顏六色戒指用珠、奧地利珍珠、心型壓克力、無彈性線\r\n\r\n|尺寸|\r\n手工測量約5.8公分\r\n尺寸更改請私訊客製或備註哦!\r\n\r\n|闆娘推薦|\r\n這系列主打四季風格\r\n不管是春天的柔和、夏天的清新、秋天的溫暖還是冬天的簡約感\r\n都能在這些設計中找到適合自己的那一條♡\r\n每一款都有獨特的小巧思\r\n真的好看到會選擇障礙～\r\n像闆娘自己就忍不住偷偷收藏了全系列，天天換著戴都覺得開心！\r\n', 6),
(57, 'series2', 240, '\\有選擇困難症的全部買下吧!!/\r\n\r\n|商品材料|\r\n五顏六色戒指用珠、奧地利珍珠、無彈性線\r\n\r\n|尺寸|\r\n手工測量約5.8公分\r\n尺寸更改請私訊客製或備註哦!\r\n\r\n|闆娘推薦|\r\n每款穿搭都有各自專屬的配件\r\n這系列的風格包羅萬象 \r\n讓你每天穿搭不重樣\r\n快把這系列偷偷收藏起來吧!!', 6),
(58, 'Moonlit River', 300, '|商品材料|\r\n加厚電鍍彎管、藍色水晶、不鏽鋼鏈、合成水晶碎石\r\n\r\n|尺寸|\r\n手工測量約50公分 (可客製長度)\r\n\r\n|闆娘推薦|\r\nMoonlit River 是一款會讓人忍不住多看幾眼的項鍊♡\r\n藍色水晶閃著像月光灑落水面一樣的微光\r\n搭配透明愛心和細緻鏈條\r\n甜中帶一點神秘感\r\n溫柔又不失個性，讓人看了就想說：「這條好適合妳～」\r\n\r\n搭配白襯衫、針織上衣、甚至正式洋裝都超有質感，\r\n送人有誠意，自己戴也超百搭！\r\n不小心被問是哪裡買的也請做好心理準備😎\r\n如果你還在找一條一年四季都能戴的項鍊\r\n它絕對會是讓你回購其他款的那一條♡', 4),
(59, 'Honey Puff', 320, '|商品材料|\r\n加厚電鍍彎管、不鏽鋼迴旋鏈、合成水晶碎石、花花造型透明水晶、花花造型吊墜、奧地利珍珠\r\n\r\n|尺寸|\r\n手工測量約51公分 (含OT扣、可客製長度)\r\n\r\n|闆娘推薦|\r\nHoney Puff 是一款讓人一看就心情變好的米色系小甜心♡\r\n透明花花水晶、細緻碎石與奧地利珍珠交錯排開\r\n搭配不鏽鋼迴旋鏈和立體花朵吊墜\r\n整體色調溫柔不膩\r\n像是午後陽光下的一杯蜂蜜奶茶\r\n甜甜的又不會太浮誇~\r\n\r\n這條很適合搭配奶茶色針織衫、米白襯衫或棉麻洋裝\r\n日常可愛、上班溫柔，連約會都剛剛好♡\r\n也是送給閨蜜或自己療癒心情的絕佳小禮物\r\n一戴上就會忍不住想拍穿搭照的那種可愛感！', 4),
(60, 'Daisy Dot', 250, '|商品材料|\r\n加厚電鍍彎管、不鏽鋼迴旋鏈、合成水晶碎石、花花造型透明水晶、星型造型吊墜、奧地利珍珠、不鏽鋼鍊條\r\n\r\n|尺寸|\r\n手工測量約51公分 (含OT扣、可客製長度)\r\n\r\n|闆娘推薦|\r\n這款最大的亮點在於扣子使用精細配件花花扣\r\n照亮它以Daisy為主的設計概念\r\n還有可愛的小星星吊墜點綴其中，細節滿分♡', 4),
(61, 'tears of Venus', 350, '\\總銷售連三個月冠軍!!/\r\n\r\n|商品材料|\r\n加厚電鍍彎管、不鏽鋼不規則鍊、奧地利珍珠\r\n、合成水晶碎石、閃爍造型吊墜\r\n\r\n|尺寸|\r\n手工測量約52公分 (含OT扣、可客製長度)\r\n\r\n|闆娘推薦|\r\n\"tears of Venus\"像是從宇宙深處撷取的光芒\r\n藍色與米色交織出迷人的漸層\r\n帶著神秘又溫暖的氣息\r\n奧地利珍珠與合成水晶碎石點綴其中\r\n加上不規則鍊條和閃爍吊墜\r\n打造出獨特的層次感\r\n\r\n這條項鍊不管搭配簡約的白襯衫還是柔和的針織衫\r\n都能瞬間提升整體質感\r\n是熱銷款中不敗的星辰！\r\n送禮自用都超適合，喜歡宇宙感風格的你一定會愛上它😎', 4),
(62, 'Peach Fuzz', 300, '\\甜美風首選!!/\r\n\r\n|商品材料|\r\n不鏽鋼鍊、奧地利珍珠、合成水晶碎石、粉色水晶\r\n\r\n|尺寸|\r\n手工測量約50公分 (含OT扣、可客製長度)\r\n\r\n|闆娘推薦|\r\n此款以粉嫩色調的分色珠珠打造出輕柔活潑的感覺\r\n搭配奧地利珍珠和合成水晶碎石\r\n晶瑩剔透又不失質感\r\n亮點在於心型OT扣設計增添可愛細節\r\n讓整條項鍊更有溫度。\r\n\r\n不論是約會、日常還是朋友聚會\r\n戴上它就像帶著一抹甜蜜氣息\r\n讓人忍不住多看幾眼♡\r\n尺寸可客製，讓你戴得舒適又合適。\r\n', 4),
(63, 'Amethyst Glow', 350, '|商品材料|\r\n不鏽鋼彎形鍊、不規則鐵飾、星型鐵飾、合成水晶碎石、粉紫色水晶、透明水晶\r\n\r\n|尺寸|\r\n手工測量約50公分 (可客製長度)\r\n\r\n|闆娘推薦|\r\n這款\"Amethyst Glow\"是紫色系項鍊裡的高雅代表\r\n細膩的粉紫水晶搭配透明水晶與獨特的星型鐵飾\r\n無論是上班、約會還是重要場合都非常適合\r\n\r\n它能瞬間提升整體氣質\r\n讓你在人群中脫穎而出\r\n不管是自用還是送禮 都非常有面子\r\n我們店裡熱銷款，回購率超高，絕對值得擁有！\r\n快把它加入你的飾品收藏吧♡\r\n', 4),
(64, 'Sunbeam Whisper', 320, '|商品材料|\r\n不鏽鋼彎形鍊、不規則鐵條、花花造型吊墜、合成水晶碎石、淡黃色水晶、透明水晶、不規則碎石\r\n\r\n|尺寸|\r\n手工測量約52公分 (可客製長度)\r\n\r\n|闆娘推薦|\r\nSunbeam Whisper像是一束溫暖的晨光\r\n淡黃色與透明水晶交織\r\n帶來清新自然的感覺\r\n花花造型吊墜和不規則鐵條設計\r\n增添了幾分隨性與活力\r\n整體質感輕盈又不失細膩\r\n適合喜歡自然風的你。\r\n\r\n無論是搭配日常的白襯衫、輕薄針織\r\n還是春夏的輕柔洋裝\r\n都能讓你的造型多一抹溫暖亮點\r\n這款也是闆娘自己很喜歡的配件之一♡\r\n喜歡低調中帶點光的女孩一定不能錯過！', 4),
(65, 'Amber Breeze', 300, '|商品材料|\r\n不鏽鋼心型鍊、不規則鐵條、奧地利珍珠、花花造型吊墜、合成水晶碎石、淡黃色水晶、透明水晶、不規則碎石\r\n\r\n|尺寸|\r\n手工測量約52公分 (含OT扣、可客製長度)\r\n\r\n|闆娘推薦|\r\n這款就像一陣溫柔的微風，輕輕拂過心頭♡\r\n淡黃色水晶與透明水晶搭配合成碎石\r\n心型鍊條與不規則鐵條增添設計感\r\n細節中流露質感\r\n中間散落幾顆橘黃色珠珠\r\n像是陽光下的小亮點\r\n讓整體看起來活潑又不失優雅\r\n\r\n無論是日常上班還是週末約會\r\n都能輕鬆搭配出溫暖又不單調的風格\r\n這款送禮自用都超合適\r\n快讓Amber Breeze成為你的穿搭小秘密吧！\r\n\r\n', 4),
(66, 'Lemon Chiffon', 350, '|商品材料|\r\n不鏽鋼管、合成水晶碎石、天空藍水晶、透明水晶、淺綠色水晶\r\n\r\n|尺寸|\r\n手工測量約50公分 (可客製長度)\r\n\r\n|闆娘推薦|\r\n這款以兩條項鍊疊戴設計\r\n完美展現層次感和時髦度\r\n天空藍、水晶透明與淺綠色的水晶碎石相互映襯\r\n整體清爽又不失細膩質感\r\n像一抹夏日微風輕拂\r\n喜歡疊戴風格的你，絕對不能錯過這款！!', 4),
(67, 'Silver Feather', 290, '|商品材料|\r\n不鏽鋼彎形鍊、合成水晶碎石、透明水晶\r\n\r\n|尺寸|\r\n手工測量約52公分 (可客製長度)\r\n\r\n|闆娘推薦|\r\nSilver Feather 是那種一戴上就會覺得「好乾淨、好有氣質」的款♡\r\n整體以白色系為主調\r\n搭配透明水晶與碎石\r\n在光線下透出自然的閃耀\r\n碎石形狀還像一朵朵小花\r\n低調中藏著可愛的小巧思～\r\n\r\n非常推薦搭配淺色襯衫、米白針織或夏日連身裙\r\n一秒提升穿搭的清新感，日常也很實搭！\r\n這款戴起來輕盈、溫柔\r\n是那種讓人每天都想拿來配的類型\r\n不誇張，是我們店裡默默熱銷的實力派唷♡', 4),
(68, 'Moon Fog', 270, '|商品材料|\r\n不鏽鋼鍊、合成水晶菱形碎石、透明水晶\r\n\r\n|尺寸|\r\n手工測量約52公分 (可客製長度)\r\n\r\n|闆娘推薦|\r\nMoon Fog 是那種越看越耐看的款式\r\n沒有過多裝飾，卻處處都是細節。\r\n它由兩種不鏽鋼鍊條拼接而成\r\n視覺層次感剛剛好\r\n下方點綴著白色水晶碎石和不規則金屬飾品\r\n像月霧中閃爍的微光，簡約卻充滿氣氛感✨\r\n\r\n適合喜歡低調又不想太無聊的穿搭風格\r\n搭配襯衫、西外或素面T恤都很有型\r\n這款屬於默默吸睛的那種\r\n走近才會被發現「欸這條好好看！」\r\n不搶戲，卻替整體穿搭畫龍點睛♡\r\n', 4),
(69, 'Ash Curl', 270, '\\市集熱賣款!!/\r\n\r\n|商品材料|\r\n不鏽鋼鍊、奧地利珍珠、合成水晶菱形碎石、透明水晶、不規則碎石\r\n\r\n|尺寸|\r\n手工測量約50公分 (可客製長度)\r\n\r\n|闆娘推薦|\r\nAsh Curl 是一款怎麼搭都不會出錯的經典選擇\r\n以白色系為主調\r\n搭配奧地利珍珠與各式透明、不規則碎石\r\n低調中透出一點點閃光\r\n細緻又不張揚\r\n\r\n整體設計有種不費力的高級感\r\n不論你是學生、上班族還是媽媽\r\n都能輕鬆駕馭，是不分年齡都會愛上的款式。\r\n推薦日常穿搭、出門聚會或當作送禮選項\r\n每次戴上它，都像是替自己的氣質加了一點分♡', 4),
(70, 'Améthystine', 290, '|商品材料|\r\n不鏽鋼鍊條、透明水晶、淺紫色蝴蝶結緞帶、星型銀飾\r\n\r\n|尺寸|\r\n手工測量約48公分 (可客製長度)\r\n\r\n|闆娘推薦|\r\nAméthystine 是一款結合了夢幻與個性的設計♡\r\n透明水晶與淺紫蝴蝶結交織出柔和的氛圍\r\n搭配閃亮星星銀飾，像是夜空中一閃而過的願望～\r\n\r\n這條項鍊的存在感剛剛好\r\n既不浮誇又不會被忽略\r\n推薦搭配襯衫、針織、洋裝都能營造出甜中帶點神秘感的穿搭\r\n也很適合當作禮物送給閨蜜或自己\r\n為日常多一點可愛小儀式感✨\r\n\r\n偷偷說，這款真的戴上去會讓人心情變好♡', 4),
(71, 'Butterlight', 300, '|商品材料|\r\n不鏽鋼鍊條、奧地利珍珠、花花造型吊墜、淺黃色不規則水晶\r\n\r\n|尺寸|\r\n手工測量約50公分 (含OT扣、可客製長度)\r\n\r\n|闆娘推薦|\r\nButterlight 是一款讓人一看到就覺得心情暖起來的設計♡\r\n以柔和的淺黃色水晶搭配奧地利珍珠\r\n加上小花吊墜點綴，\r\n整體像是一縷午後陽光\r\n溫柔、舒服又自然。\r\n\r\n這款很適合日常穿搭\r\n不管是白T、針織衫或小洋裝\r\n都能為整體造型加上一點明亮又不突兀的光點～\r\n\r\n如果你喜歡輕柔不過度甜美的風格\r\n這款真的很值得收進飾品盒裡\r\n自己戴溫馨、送禮也療癒♡', 4),
(72, 'series3', 240, '|商品材料|\r\n五顏六色戒指用珠、奧地利珍珠、無彈性線\r\n\r\n|尺寸|\r\n手工測量約5.8公分\r\n尺寸更改請私訊客製或備註哦!\r\n\r\n|闆娘推薦|\r\n每一雙手，都值得擁有屬於自己的風格戒指♡\r\n這系列的戒指從甜美、氣質到個性款通通都有，]\r\n不論是疊戴、單戴\r\n還是搭配項鍊耳環一起出場\r\n都能讓整體造型更完整、更有感！\r\n\r\n重點是！每一款都可愛到很難只選一個…\r\n就連闆娘自己也每天都在苦惱要戴哪一款出門😢\r\n快把你喜歡的偷偷放進購物車，\r\n讓指尖成為穿搭的亮點吧～✨', 6),
(73, 'Aura Mist', 250, '|商品材料|\r\n不鏽鋼彎管、延長鍊、心形吊墜、奧地利珍珠、透明玻璃珠、天然淺藍不規則水晶\r\n\r\n|尺寸|\r\n手工測量約15-16公分(含延長練)\r\n✧可客製長度，請下單備註手圍尺寸✧\r\n\r\n|闆娘推薦|\r\n這款是闆娘私心非常喜歡的設計!!\r\n戴上它彷彿整個人都清新了起來\r\n不管是約會還是上班\r\n都能讓妳的氣質瞬間提升\r\n不會搶走穿搭焦點，反而添了細膩的優雅。\r\n它的輕盈質感和細膩小巧思\r\n讓人忍不住一戴再戴\r\n成為每天必備的溫柔小配件\r\n推薦給喜歡低調又帶點甜美感的妳\r\n特別適合搭配白色或淺色系衣服\r\n讓整體造型更有層次與靈動感。\r\n\r\n', 5),
(74, 'Twinkle Ties', 280, '\\市集熱賣款!!/\r\n\r\n|商品材料|\r\n彈性銀線、延長鍊、心形吊墜、日本米珠、貝殼珠、透明玻璃珠、\r\n\r\n|尺寸|\r\n手工測量約14-15公分(含3公分延長練)\r\n✧可客製長度，請下單備註手圍尺寸✧\r\n\r\n|闆娘推薦|\r\nTwinkle Ties手鍊是熱銷款小花系列\r\n每個小雛菊都是亮點——中間的黃色珠珠像小太陽一樣溫暖\r\n周圍花瓣由細緻串珠組成\r\n每個細節都讓人忍不住想多看幾眼\r\n戴上它，手腕瞬間多了一抹活潑又優雅的春日氣息\r\n無論是休閒還是約會，都能輕鬆駕馭\r\n這款手鍊質感輕盈又有設計感\r\n是平日穿搭的絕佳加分小物\r\n也是送禮自用都很合適的溫柔選擇。', 5),
(75, 'Lilac Dream', 270, '\\Twinkle Ties姊妹款/\r\n\r\n|商品材料|\r\n彈性銀線、延長鍊、心形吊墜、日本米珠、貝殼珠、透明玻璃珠、\r\n\r\n|尺寸|\r\n手工測量約14-15公分(含3公分延長練)\r\n✧可客製長度，請下單備註手圍尺寸✧\r\n\r\n|闆娘推薦|\r\n這款Twinkle Ties姊妹款比起原本的單色\r\n偷偷多了點趣味感唷～\r\n黃色和紫色的小花交錯著\r\n看起來層次更豐富\r\n整體感覺更活潑又有質感\r\n戴起來輕巧不累手\r\n很適合喜歡細節多一點的妳\r\n平常搭配也更有看頭。\r\n其實我自己私心也很常戴\r\n想讓手腕有點小亮點的時候，它就派上用場啦～', 5),
(76, 'Verdant Charm', 270, '\\Twinkle Ties姊妹款/\r\n\r\n|商品材料|\r\n彈性銀線、延長鍊、心形吊墜、日本米珠、貝殼珠、透明玻璃珠、\r\n\r\n|尺寸|\r\n手工測量約14-15公分(含3公分延長練)\r\n✧可客製長度，請下單備註手圍尺寸✧\r\n\r\n|闆娘推薦|\r\n這款綠白交叉的小花手鍊\r\n超適合搭配輕柔的淺色系單品\r\n像是白襯衫、米色針織或淡淡的綠色洋裝\r\n整體感覺就像春天的微風\r\n清新又自在\r\n平常隨便搭個牛仔外套或簡單T恤\r\n也能讓造型多點小巧思，不經意地散發質感。\r\n如果想更有氣氛\r\n試試搭配素色洋裝或同色系小飾品\r\n細節感會更突出，氣質瞬間up！', 5),
(77, 'Meadow Kiss', 270, '\\Twinkle Ties姊妹款/\r\n\r\n|商品材料|\r\n彈性銀線、延長鍊、心形吊墜、日本米珠、貝殼珠、透明玻璃珠\r\n\r\n|尺寸|\r\n手工測量約14-15公分(含3公分延長練)\r\n✧可客製長度，請下單備註手圍尺寸✧\r\n\r\n|闆娘推薦|\r\n喜歡綠色的你有福了!!\r\n這款深綠、白、淺綠交織出像森林裡晨光灑落的層次感\r\n清新又自然\r\n它不僅是手上的小巧思\r\n更像是日常裡的一抹綠意\r\n低調卻能悄悄點亮整體穿搭\r\n無論是搭配素淨的白襯衫\r\n還是柔軟的米色針織\r\n都能讓你的氣質溫柔流動\r\n\r\n老實說，闆娘我自己也是個綠色控\r\n偷偷藏了一條\r\n隨時讓心情被這份清新悄悄擁抱\r\n\r\n', 5),
(78, 'Silver Belle', 300, '|商品材料|\r\n不鏽鋼彎管、延長鍊、透明蝴蝶結、日本銀珠、透明玻璃珠\r\n\r\n|尺寸|\r\n手工測量約13-14公分(含3公分延長練)\r\n✧可客製長度，請下單備註手圍尺寸✧\r\n\r\n|闆娘推薦|\r\nSilver Belle是闆娘的創新設計\r\n增加了銀色蝴蝶結的材料\r\n再搭配玻璃珠穿插其中\r\n整體風個很適合酷酷又甜美的穿搭\r\n出門在外一不小心就是人群中的焦點!!\r\n', 5),
(79, 'Frosted Grace', 240, '|商品材料|\r\n日本銀珠、奧地利白色小珍珠\r\n\r\n|尺寸|\r\n手工測量約14-15公分\r\n✧可客製長度，請下單備註手圍尺寸✧\r\n\r\n|闆娘推薦|\r\nFrosted Grace是一款帶著霧感優雅的細緻設計\r\n使用日本銀珠與奧地利白色小珍珠\r\n簡單卻藏著精緻的光澤感\r\n就像霧中清晨的第一道光\r\n溫柔、安靜，卻讓人忍不住多看幾眼\r\n很適合搭配素色襯衫、杏色針織或淡雅洋裝\r\n讓你的日常多一點氣質的留白\r\n闆娘自己也很喜歡這樣低調卻有韻味的風格\r\n是那種靜靜地\r\n但一直在發光的款♡', 5),
(80, 'Cloud Puff', 280, '|商品材料|\r\n日本銀珠、奧地利白色小珍珠、造型壓克力、海洋之石\r\n\r\n|尺寸|\r\n手工測量約14-15公分\r\n✧可客製長度，請下單備註手圍尺寸✧\r\n\r\n|闆娘推薦|\r\n這款手鍊有一種靜靜流露的氣質\r\n像是海風中長大的貴族少女\r\n不張揚卻讓人忍不住注目\r\n日本銀珠、奧地利白珍珠搭配造型壓克力與海洋之石\r\n每一顆都像有自己的小故事\r\n構成一條細緻而有格調的飾品\r\n無論是日常穿搭還是微正式的約會造型\r\n都能悄悄替你加上一點「氣質亮光」\r\n闆娘私心覺得它的氛圍感超強\r\n戴上那一刻真的會覺得自己有點不一樣😎', 5),
(81, 'Moonstar Veil', 240, '\\星空系代表!!/\r\n\r\n|商品材料|\r\n彈性線、日本銀珠、奧地利珍珠、透明壓克力星星珠、淡藍造型水晶珠\r\n\r\n|尺寸|\r\n手工測量約12-13公分(含延長鍊)\r\n✧可客製長度，請下單備註手圍尺寸✧\r\n\r\n|闆娘推薦|\r\n這款手鍊就像把夜空裡最閃的一顆星摘下來\r\n悄悄綁在手腕上\r\n主角是中間那顆夢幻透明星星\r\n搭配淡藍與銀白色系的珠珠\r\n有種乾淨又輕盈的氛圍\r\n像極了冬夜裡的月光\r\n不論是配上白襯衫、淺藍針織\r\n還是日常素色穿搭\r\n都能不經意地增添一點透明感與純真', 5),
(82, 'Shimmer Loop', 240, '|商品材料|\r\n彈性線、日本銀珠、奧地利珍珠、星星/愛心造型壓克力、\r\n\r\n|尺寸|\r\n手工測量約14-15公分\r\n✧可客製長度，請下單備註手圍尺寸✧\r\n\r\n|闆娘推薦|\r\nMoonstar Veil是那種一眼看上去就會覺得「啊～好溫柔」的款式\r\n整體是柔米白色調\r\n帶一點點奶霜感\r\n配上小星星和愛心造型的壓克力裝飾\r\n很像冬天夜晚的星空，靜靜閃著光♡', 5);

-- --------------------------------------------------------

--
-- 資料表結構 `all_products_img`
--

CREATE TABLE `all_products_img` (
  `id` int(10) NOT NULL,
  `product_id` int(10) NOT NULL,
  `img_path` varchar(150) NOT NULL,
  `is_main` tinyint(1) NOT NULL
) ENGINE=InnoDB DEFAULT CHARSET=utf8mb4;

--
-- 傾印資料表的資料 `all_products_img`
--

INSERT INTO `all_products_img` (`id`, `product_id`, `img_path`, `is_main`) VALUES
(1, 1, 'images/product_img/1.JPG', 1),
(2, 1, 'images/product_img/1-1.JPG', 0),
(3, 1, 'images/product_img/0000.JPG', 0),
(4, 2, 'images/product_img/2.JPG', 1),
(5, 2, 'images/product_img/2-1.JPG', 0),
(6, 2, 'images/product_img/0000.JPG', 0),
(7, 3, 'images/product_img/3.JPG', 1),
(8, 4, 'images/product_img/4.JPG', 1),
(9, 5, 'images/product_img/5.JPG', 1),
(10, 6, 'images/product_img/6.JPG', 1),
(11, 7, 'images/product_img/17.JPG', 1),
(12, 7, 'images/product_img/14.JPG', 0),
(13, 7, 'images/product_img/16.JPG', 0),
(14, 7, 'images/product_img/19.JPG', 0),
(15, 7, 'images/product_img/27.JPG', 0),
(16, 8, 'images/product_img/18.JPG', 1),
(17, 8, 'images/product_img/15.JPG', 0),
(18, 8, 'images/product_img/16.JPG', 0),
(19, 8, 'images/product_img/19.JPG', 0),
(20, 8, 'images/product_img/28.JPG', 0),
(21, 9, 'images/product_img/13.JPG', 1),
(22, 10, 'images/product_img/27.JPG', 1),
(23, 11, 'images/product_img/28.JPG', 1),
(24, 12, 'images/product_img/23.JPG', 1),
(25, 13, 'images/product_img/29.JPG', 1),
(26, 14, 'images/product_img/30.JPG', 1),
(27, 15, 'images/product_img/31.JPG', 1),
(28, 16, 'images/product_img/10.JPG', 1),
(29, 17, 'images/product_img/11.JPG', 1),
(30, 18, 'images/product_img/12.JPG', 1),
(31, 19, 'images/product_img/33.JPG', 1),
(32, 20, 'images/product_img/32.JPG', 1),
(33, 21, 'images/product_img/19.JPG', 1),
(34, 22, 'images/product_img/20.JPG', 1),
(35, 23, 'images/product_img/34.JPG', 1),
(36, 25, 'images/product_img/8.JPG', 1),
(37, 26, 'images/product_img/7.JPG', 1),
(38, 27, 'images/product_img/9.JPG', 1),
(39, 28, 'images/product_img/24.JPG', 1),
(40, 29, 'images/product_img/25.JPG', 1),
(41, 30, 'images/product_img/26.JPG', 1),
(42, 31, 'images/product_img/27.JPG', 1),
(43, 32, 'images/product_img/28.JPG', 1),
(44, 33, 'images02/01.jpg', 1),
(45, 34, 'images02/03.jpg', 1),
(46, 35, 'images02/04.jpg', 1),
(47, 36, 'images02/05.jpg', 1),
(48, 37, 'images02/06.jpg', 1),
(49, 38, 'images02/07.jpg', 1),
(50, 39, 'images02/08.jpg', 1),
(51, 40, 'images02/09.jpg', 1),
(53, 41, 'images02/10.jpg', 1),
(54, 42, 'images02/12.jpg', 1),
(55, 43, 'images02/13.jpg', 1),
(56, 44, 'images02/15.jpg', 1),
(57, 45, 'images02/16.jpg', 1),
(58, 46, 'images02/17.jpg', 1),
(59, 47, 'images02/18.jpg', 1),
(60, 48, 'images02/19.jpg', 1),
(61, 49, 'images02/20.jpg', 1),
(62, 50, 'images02/21.jpg', 1),
(63, 51, 'images02/22.jpg', 1),
(64, 52, 'images02/23.jpg', 1),
(65, 53, 'images02/24.jpg', 1),
(66, 54, 'images02/25.jpg', 1),
(67, 55, 'images02/26.jpg', 1),
(68, 56, 'images02/27.jpg', 1),
(69, 57, 'images02/28.jpg', 1),
(70, 58, 'images02/29.jpg', 1),
(71, 59, 'images02/30.jpg', 1),
(72, 60, 'images02/31.jpg', 1),
(73, 61, 'images02/33.jpg', 1),
(74, 62, 'images02/34.jpg', 1),
(75, 63, 'images02/36.jpg', 1),
(76, 64, 'images02/37.jpg', 1),
(77, 65, 'images02/38.jpg', 1),
(78, 66, 'images02/39.jpg', 1),
(79, 67, 'images02/41.jpg', 1),
(80, 68, 'images02/42.jpg', 1),
(81, 69, 'images02/46.jpg', 1),
(82, 70, 'images02/48.jpg', 1),
(83, 71, 'images02/49.jpg', 1),
(84, 72, 'images02/54.jpg', 1),
(85, 73, 'images02/55.jpg', 1),
(86, 74, 'images02/56.jpg', 1),
(87, 75, 'images02/57.jpg', 1),
(88, 76, 'images02/58.jpg', 1),
(89, 77, 'images02/59.jpg', 1),
(90, 78, 'images02/61.jpg', 1),
(91, 79, 'images02/63.jpg', 1),
(92, 80, 'images02/65.jpg', 1),
(93, 81, 'images02/68.jpg', 1),
(94, 82, 'images02/67.jpg', 1);

-- --------------------------------------------------------

--
-- 資料表結構 `favorite`
--

CREATE TABLE `favorite` (
  `member_id` int(11) NOT NULL,
  `product_id` int(11) NOT NULL,
  `created_at` timestamp NOT NULL DEFAULT CURRENT_TIMESTAMP ON UPDATE CURRENT_TIMESTAMP,
  `table_name` int(20) NOT NULL
) ENGINE=InnoDB DEFAULT CHARSET=utf8mb4 COLLATE=utf8mb4_unicode_ci;

--
-- 傾印資料表的資料 `favorite`
--

INSERT INTO `favorite` (`member_id`, `product_id`, `created_at`, `table_name`) VALUES
(1, 2, '2025-06-12 11:47:01', 0),
(1, 34, '2025-06-12 05:39:33', 0),
(1, 36, '2025-06-12 06:18:52', 0),
(7, 3, '2025-06-11 02:00:48', 0),
(7, 8, '2025-06-11 02:38:03', 0),
(7, 34, '2025-06-11 02:26:05', 0),
(7, 47, '2025-06-11 02:38:10', 0),
(9, 5, '2025-06-12 10:57:34', 0),
(9, 23, '2025-06-12 16:45:38', 0),
(9, 25, '2025-06-12 14:59:56', 0),
(9, 34, '2025-06-11 12:25:13', 0),
(9, 40, '2025-06-14 19:00:45', 0),
(9, 41, '2025-06-12 14:59:11', 0),
(10, 2, '2025-06-14 21:31:34', 0),
(10, 14, '2025-06-11 06:59:26', 0),
(10, 17, '2025-06-11 06:59:52', 0),
(10, 18, '2025-06-11 06:59:27', 0),
(10, 34, '2025-06-14 20:21:54', 0),
(10, 38, '2025-06-14 20:21:57', 0),
(10, 74, '2025-06-11 06:59:34', 0),
(10, 76, '2025-06-11 06:59:35', 0),
(10, 80, '2025-06-11 06:59:38', 0);

-- --------------------------------------------------------

--
-- 資料表結構 `member`
--

CREATE TABLE `member` (
  `id` int(11) NOT NULL,
  `Account` varchar(6) CHARACTER SET utf8 COLLATE utf8_unicode_ci NOT NULL,
  `Password` varchar(12) CHARACTER SET utf8 COLLATE utf8_unicode_ci NOT NULL,
  `Birthday` date NOT NULL,
  `E-mail` varchar(254) CHARACTER SET utf8 COLLATE utf8_unicode_ci NOT NULL
) ENGINE=InnoDB DEFAULT CHARSET=utf8;

--
-- 傾印資料表的資料 `member`
--

INSERT INTO `member` (`id`, `Account`, `Password`, `Birthday`, `E-mail`) VALUES
(1, 'admin', 'admin123456', '2025-03-06', 'admin@gmail.com'),
(2, 'Winnie', '666666', '2025-04-27', 'Winnie@gmail.com'),
(5, 'hahaha', 'haha123456', '2025-04-27', 'haha@gmail.com'),
(7, 'Annie', '123456', '2005-08-29', 's1254042@gm.ncue.edu.tw'),
(9, 'Cindy', 'cindy123456', '2025-05-14', 'cindy@gmail.com'),
(10, 'member', 'member123456', '2025-05-21', 'member@gmail.com');

-- --------------------------------------------------------

--
-- 資料表結構 `order_records`
--

CREATE TABLE `order_records` (
  `id` int(11) NOT NULL,
  `member_id` int(11) NOT NULL,
  `order_id` int(11) NOT NULL,
  `product_id` int(11) NOT NULL,
  `amount` int(50) NOT NULL,
  `total_money` decimal(10,2) NOT NULL
) ENGINE=InnoDB DEFAULT CHARSET=utf8;

--
-- 傾印資料表的資料 `order_records`
--

INSERT INTO `order_records` (`id`, `member_id`, `order_id`, `product_id`, `amount`, `total_money`) VALUES
(1, 9, 1, 45, 1, '220.00'),
(2, 9, 2, 34, 1, '280.00'),
(3, 9, 2, 35, 1, '250.00'),
(4, 9, 3, 33, 1, '300.00'),
(5, 9, 3, 34, 1, '280.00'),
(6, 9, 4, 34, 1, '280.00'),
(7, 9, 5, 35, 1, '250.00'),
(8, 9, 6, 4, 1, '70.00'),
(9, 9, 7, 3, 1, '100.00'),
(10, 9, 8, 5, 1, '40.00'),
(11, 9, 9, 14, 1, '100.00'),
(12, 9, 10, 13, 1, '100.00'),
(13, 9, 11, 22, 1, '80.00'),
(14, 9, 11, 46, 1, '220.00'),
(15, 9, 12, 4, 1, '70.00'),
(16, 9, 13, 5, 2, '80.00'),
(17, 10, 14, 2, 6, '600.00'),
(18, 10, 14, 34, 1, '280.00'),
(19, 10, 15, 2, 12, '1200.00'),
(20, 10, 16, 1, 5, '600.00');

-- --------------------------------------------------------

--
-- 資料表結構 `pr`
--

CREATE TABLE `pr` (
  `id` int(11) NOT NULL,
  `name` varchar(100) NOT NULL,
  `price` int(11) NOT NULL,
  `img` varchar(255) NOT NULL,
  `type` int(11) NOT NULL,
  `special` varchar(50) NOT NULL
) ENGINE=InnoDB DEFAULT CHARSET=utf8mb4;

--
-- 傾印資料表的資料 `pr`
--

INSERT INTO `pr` (`id`, `name`, `price`, `img`, `type`, `special`) VALUES
(1, '♡ 冬日限定 ♡ 小貓壓克力貼片原子筆', 120, 'images/product_img/1.JPG', 1, ''),
(2, '♡ 冬日限定 ♡ 小貓厚磚飯友', 100, 'images/product_img/2.JPG', 1, ''),
(3, '小桃小檸 | 彩框厚磚飯友', 100, 'images/product_img/3.JPG', 1, 'new'),
(4, '閃亮亮徽章系列(兩入)', 70, 'images/product_img/4.JPG', 2, 'new'),
(5, '閃亮亮徽章系列(粉)', 40, 'images/product_img/5.JPG', 2, 'new'),
(6, '閃亮亮徽章系列(藍)', 40, 'images/product_img/6.JPG', 2, 'new'),
(7, '♡ 小動物飲品店 ♡ 粉色小桃全款', 500, 'images/product_img/17.JPG', 1, 'animal'),
(8, '♡ 小動物飲品店 ♡ 藍色小檸全款', 500, 'images/product_img/18.JPG', 1, 'animal'),
(9, '♡ 小動物飲品店 ♡ 電繪徽章(兩入)', 150, 'images/product_img/13.JPG', 2, 'animal'),
(10, '♡ 小動物飲品店 ♡ 草莓聖代徽章', 70, 'images/product_img/27.JPG', 2, 'animal'),
(11, '♡ 小動物飲品店 ♡ 檸檬蘇打徽章', 70, 'images/product_img/28.JPG', 2, 'animal'),
(12, '春日特別款 | 貓咪團子徽章(兩入)', 150, 'images/product_img/23.JPG', 2, 'spring'),
(13, '୨୧ 蝴蝶結派對 ୨୧ 滴膠吊飾(粉)', 100, 'images/product_img/29.JPG', 3, 'new'),
(14, '୨୧ 蝴蝶結派對 ୨୧ 滴膠吊飾(藍)', 100, 'images/product_img/30.JPG', 3, 'new'),
(15, '-୨୧ 蝴蝶結派對 ୨୧- 滴膠吊飾(兩入)', 180, 'images/product_img/31.jpeg', 3, 'new'),
(16, '♡ 透明滴膠心型吊飾 ♡ (粉/藍兩入)', 180, 'images/product_img/10.JPG', 3, ''),
(17, '♡ 透明滴膠心型吊飾 ♡ (粉)', 100, 'images/product_img/11.JPG', 3, ''),
(18, '♡ 透明滴膠心型吊飾 ♡ (藍)', 100, 'images/product_img/12.JPG', 3, ''),
(19, 'ꕤ 初代收藏版 ꕤ (兩款各一)', 200, 'images/product_img/33.JPG', 3, 'new'),
(20, 'ꕤ 初代收藏版 ꕤ (兔子女僕款)', 120, 'images/product_img/32.JPG', 3, 'new'),
(21, '小桃小檸 | 滑面硬款明信片', 80, 'images/product_img/19.JPG', 1, ''),
(22, '♡ 小動物飲品店 ♡ 燙色明信片', 80, 'images/product_img/20.JPG', 1, 'animal'),
(23, '★ 星辰大海 ★ 手繪風明信片', 80, 'images/product_img/34.JPG', 1, ''),
(25, '♡ 彩燙徽章 ♡ (粉)', 80, 'images/product_img/8.JPG', 2, 'new'),
(26, '♡ 彩燙徽章 ♡ (粉/藍兩入)', 160, 'images/product_img/7.JPG', 2, 'new'),
(27, '♡ 彩燙徽章 ♡ (藍)', 80, 'images/product_img/9.JPG', 2, 'new'),
(28, '春日特別款 | 貓系少女徽章', 80, 'images/product_img/24.JPG', 2, 'spring'),
(29, '春日特別款 | 貓咪團子徽章', 70, 'images/product_img/25.JPG', 2, 'spring'),
(30, '♡ 小動物飲品店 ♡ sugarRush(兩款各一)', 180, 'images/product_img/26.JPG', 2, 'animal'),
(31, '♡ 小動物飲品店 ♡ 草莓聖代徽章', 100, 'images/product_img/27.JPG', 2, 'animal'),
(32, '♡ 小動物飲品店 ♡ 檸檬蘇打徽章', 100, 'images/product_img/28.JPG', 2, 'animal');

-- --------------------------------------------------------

--
-- 資料表結構 `pr2`
--

CREATE TABLE `pr2` (
  `id` int(11) NOT NULL,
  `name` varchar(100) NOT NULL,
  `price` int(11) NOT NULL,
  `img` varchar(255) NOT NULL,
  `type` int(11) NOT NULL
) ENGINE=InnoDB DEFAULT CHARSET=utf8mb4;

--
-- 傾印資料表的資料 `pr2`
--

INSERT INTO `pr2` (`id`, `name`, `price`, `img`, `type`) VALUES
(33, 'Graphite Frost', 300, 'images02/01.jpg', 4),
(34, 'Blooming Gift', 280, 'images02/03.jpg', 4),
(35, 'Rosy Tale', 250, 'images02/04.jpg', 4),
(36, 'Witch\'s Token', 320, 'images02/05.jpg', 4),
(37, 'Little Planet', 240, 'images02/06.jpg', 4),
(38, 'Fairy Floss', 250, 'images02/07.jpg', 4),
(39, 'Shadow Tear', 260, 'images02/08.jpg', 4),
(40, 'Sky Ripple', 320, 'images02/09.jpg', 4),
(41, 'Snow Drizzle', 300, 'images02/10.jpg', 4),
(42, 'Ash Whisper', 320, 'images02/12.jpg', 4),
(43, 'Frost Petal', 280, 'images02/13.jpg', 4),
(44, 'Whisper Beads', 220, 'images02/15.jpg', 6),
(45, 'Citrus Mist', 220, 'images02/16.jpg', 6),
(46, 'Scarlet Drop', 220, 'images02/17.jpg', 6),
(47, 'Sunbeam', 220, 'images02/18.jpg', 6),
(48, 'Mint Whisper', 220, 'images02/19.jpg', 6),
(49, 'Sky Blink', 220, 'images02/20.jpg', 6),
(50, 'Ocean Pulse', 220, 'images02/21.jpg', 6),
(51, 'Violet Secret', 220, 'images02/22.jpg', 6),
(52, 'Crystal Tear', 220, 'images02/23.jpg', 6),
(53, 'Milk Star', 260, 'images02/24.jpg', 4),
(54, 'Dreamy Haze', 290, 'images02/25.jpg', 4),
(55, 'Ice Feather', 300, 'images02/26.jpg', 4),
(56, 'series1', 250, 'images02/27.jpg', 6),
(57, 'series2', 240, 'images02/28.jpg', 6),
(58, 'Moonlit River', 300, 'images02/29.jpg', 4),
(59, 'Honey Puff', 320, 'images02/30.jpg', 4),
(60, 'Daisy Dot', 250, 'images02/31.jpg', 4),
(61, 'tears of Venus', 350, 'images02/33.jpg', 4),
(62, 'Peach Fuzz', 300, 'images02/34.jpg', 4),
(63, 'Amethyst Glow', 350, 'images02/36.jpg', 4),
(64, 'Sunbeam Whisper', 320, 'images02/37.jpg', 4),
(65, 'Amber Breeze', 300, 'images02/38.jpg', 4),
(66, 'Lemon Chiffon', 350, 'images02/39.jpg', 4),
(67, 'Silver Feather', 290, 'images02/41.jpg', 4),
(68, 'Moon Fog', 270, 'images02/42.jpg', 4),
(69, 'Ash Curl', 270, 'images02/46.jpg', 4),
(70, 'Améthystine', 290, 'images02/48.jpg', 4),
(71, 'Butterlight', 300, 'images02/49.jpg', 4),
(72, 'series3', 240, 'images02/54.jpg', 6),
(73, 'Aura Mist', 250, 'images02/55.jpg', 5),
(74, 'Twinkle Ties', 280, 'images02/56.jpg', 5),
(75, 'Lilac Dream', 270, 'images02/57.jpg', 5),
(76, 'Verdant Charm', 270, 'images02/58.jpg', 5),
(77, 'Meadow Kiss', 270, 'images02/59.jpg', 5),
(78, 'Silver Belle', 300, 'images02/61.jpg', 5),
(79, 'Frosted Grace', 240, 'images02/63.jpg', 5),
(80, 'Cloud Puff', 280, 'images02/65.jpg', 5),
(81, 'Moonstar Veil', 240, 'images02/68.jpg', 5),
(82, 'Shimmer Loop', 240, 'images02/67.jpg', 5);

-- --------------------------------------------------------

--
-- 資料表結構 `reviews`
--

CREATE TABLE `reviews` (
  `id` int(10) NOT NULL,
  `product_id` int(10) NOT NULL,
  `member_id` int(15) NOT NULL,
  `review_text` text NOT NULL,
  `rating` int(11) NOT NULL,
  `created_at` timestamp NOT NULL DEFAULT CURRENT_TIMESTAMP ON UPDATE CURRENT_TIMESTAMP
) ENGINE=InnoDB DEFAULT CHARSET=utf8mb4;

--
-- 傾印資料表的資料 `reviews`
--

INSERT INTO `reviews` (`id`, `product_id`, `member_id`, `review_text`, `rating`, `created_at`) VALUES
(8, 1, 7, '非常可愛', 5, '2025-05-22 12:00:06'),
(9, 34, 7, '12345', 5, '2025-05-23 10:01:39'),
(10, 1, 7, '4564879', 3, '2025-05-23 09:00:07'),
(11, 7, 7, '12345', 4, '2025-05-23 10:30:23'),
(12, 33, 9, '12345', 5, '2025-05-23 12:42:42'),
(13, 34, 9, '非常好看!!! 讚', 5, '2025-05-24 13:17:49'),
(14, 1, 9, 'Great!!!', 5, '2025-05-23 12:43:35'),
(15, 3, 7, '666', 5, '2025-05-24 13:19:34'),
(16, 34, 9, 'very goddd', 5, '2025-05-24 16:13:24'),
(17, 34, 7, 'very gooddddd', 5, '2025-05-24 16:21:55'),
(18, 60, 9, 'very gooddddd', 3, '2025-05-24 16:24:08'),
(19, 34, 10, 'very good', 5, '2025-06-14 21:01:11'),
(20, 1, 9, '111111111111111111', 5, '2025-06-14 21:04:29'),
(21, 5, 10, '1111111111111111111', 5, '2025-06-14 21:20:24'),
(22, 1, 9, 'very goodddddd', 4, '2025-06-14 21:23:45'),
(23, 2, 10, 'execullent', 5, '2025-06-14 21:31:52'),
(24, 1, 9, 'very goodddddddddddddddddddd', 5, '2025-06-14 21:35:08');

-- --------------------------------------------------------

--
-- 資料表結構 `shopping_cart`
--

CREATE TABLE `shopping_cart` (
  `member_id` int(11) NOT NULL,
  `product_id` int(11) NOT NULL,
  `amount` int(200) NOT NULL,
  `created_at` timestamp NOT NULL DEFAULT CURRENT_TIMESTAMP,
  `choose` int(2) NOT NULL,
  `table_name` int(20) NOT NULL
) ENGINE=InnoDB DEFAULT CHARSET=utf8;

--
-- 傾印資料表的資料 `shopping_cart`
--

INSERT INTO `shopping_cart` (`member_id`, `product_id`, `amount`, `created_at`, `choose`, `table_name`) VALUES
(1, 2, 1, '2025-06-14 16:29:57', 0, 0),
(1, 5, 1, '2025-06-12 12:42:39', 0, 0),
(1, 34, 1, '2025-06-12 12:41:50', 0, 0),
(1, 35, 1, '2025-06-12 12:37:55', 0, 0),
(1, 36, 1, '2025-06-12 12:42:59', 0, 0),
(1, 37, 1, '2025-06-12 12:42:49', 0, 0),
(1, 38, 1, '2025-06-12 12:15:59', 0, 0),
(5, 34, 4, '2025-06-12 08:58:48', 0, 0),
(5, 37, 1, '2025-06-12 08:58:57', 0, 0),
(9, 0, 1, '2025-06-12 14:39:31', 0, 0),
(9, 2, 4, '2025-06-14 20:25:56', 1, 0),
(9, 5, 1, '2025-06-14 20:31:52', 0, 0),
(9, 14, 1, '2025-06-14 20:31:56', 0, 0),
(9, 15, 1, '2025-06-14 20:31:59', 0, 0),
(9, 18, 1, '2025-06-14 20:32:02', 0, 0),
(9, 37, 1, '2025-06-14 20:31:43', 0, 0),
(9, 43, 1, '2025-06-14 20:31:46', 0, 0),
(10, 5, 1, '2025-06-14 21:20:07', 0, 0);

--
-- 已傾印資料表的索引
--

--
-- 資料表索引 `all_products`
--
ALTER TABLE `all_products`
  ADD PRIMARY KEY (`id`);

--
-- 資料表索引 `all_products_img`
--
ALTER TABLE `all_products_img`
  ADD PRIMARY KEY (`id`);

--
-- 資料表索引 `favorite`
--
ALTER TABLE `favorite`
  ADD PRIMARY KEY (`member_id`,`product_id`),
  ADD KEY `member_id` (`member_id`),
  ADD KEY `product_id` (`product_id`);

--
-- 資料表索引 `member`
--
ALTER TABLE `member`
  ADD PRIMARY KEY (`id`,`Account`);

--
-- 資料表索引 `order_records`
--
ALTER TABLE `order_records`
  ADD PRIMARY KEY (`id`);

--
-- 資料表索引 `pr`
--
ALTER TABLE `pr`
  ADD PRIMARY KEY (`id`);

--
-- 資料表索引 `pr2`
--
ALTER TABLE `pr2`
  ADD PRIMARY KEY (`id`);

--
-- 資料表索引 `reviews`
--
ALTER TABLE `reviews`
  ADD PRIMARY KEY (`id`),
  ADD KEY `product_id` (`product_id`),
  ADD KEY `member_id` (`member_id`);

--
-- 資料表索引 `shopping_cart`
--
ALTER TABLE `shopping_cart`
  ADD PRIMARY KEY (`member_id`,`product_id`);

--
-- 在傾印的資料表使用自動增長(AUTO_INCREMENT)
--

--
-- 使用資料表自動增長(AUTO_INCREMENT) `all_products`
--
ALTER TABLE `all_products`
  MODIFY `id` int(11) NOT NULL AUTO_INCREMENT, AUTO_INCREMENT=83;

--
-- 使用資料表自動增長(AUTO_INCREMENT) `all_products_img`
--
ALTER TABLE `all_products_img`
  MODIFY `id` int(10) NOT NULL AUTO_INCREMENT, AUTO_INCREMENT=95;

--
-- 使用資料表自動增長(AUTO_INCREMENT) `member`
--
ALTER TABLE `member`
  MODIFY `id` int(11) NOT NULL AUTO_INCREMENT, AUTO_INCREMENT=11;

--
-- 使用資料表自動增長(AUTO_INCREMENT) `order_records`
--
ALTER TABLE `order_records`
  MODIFY `id` int(11) NOT NULL AUTO_INCREMENT, AUTO_INCREMENT=21;

--
-- 使用資料表自動增長(AUTO_INCREMENT) `pr`
--
ALTER TABLE `pr`
  MODIFY `id` int(11) NOT NULL AUTO_INCREMENT, AUTO_INCREMENT=33;

--
-- 使用資料表自動增長(AUTO_INCREMENT) `pr2`
--
ALTER TABLE `pr2`
  MODIFY `id` int(11) NOT NULL AUTO_INCREMENT, AUTO_INCREMENT=83;

--
-- 使用資料表自動增長(AUTO_INCREMENT) `reviews`
--
ALTER TABLE `reviews`
  MODIFY `id` int(10) NOT NULL AUTO_INCREMENT, AUTO_INCREMENT=25;

--
-- 已傾印資料表的限制(constraint)
--

--
-- 資料表的限制(constraint) `favorite`
--
ALTER TABLE `favorite`
  ADD CONSTRAINT `fk_fav_member` FOREIGN KEY (`member_id`) REFERENCES `member` (`id`) ON DELETE CASCADE ON UPDATE CASCADE,
  ADD CONSTRAINT `fk_fav_product` FOREIGN KEY (`product_id`) REFERENCES `all_products` (`id`) ON DELETE CASCADE ON UPDATE CASCADE;
COMMIT;

/*!40101 SET CHARACTER_SET_CLIENT=@OLD_CHARACTER_SET_CLIENT */;
/*!40101 SET CHARACTER_SET_RESULTS=@OLD_CHARACTER_SET_RESULTS */;
/*!40101 SET COLLATION_CONNECTION=@OLD_COLLATION_CONNECTION */;
